{
	"name": "Bunny CMY",
	"clear_colour": [
		150,
		150,
		150,
		255
	],
	"ambient_light": 0.01000000,
	"cameras": [
		{
			"name": "Main",
			"eye": [
				0.19268157,
				0.07675408,
				-0.81978852
			],
			"center": [
				0.00000000,
				0.00000000,
				0.00000000
			],
			"up": [
				-0.12151808,
				0.90620291,
				-0.40502036
			],
			"distance": 0.84560937,
			"fov": 45.00000000,
			"mode": 0
		},
		{
			"name": "Secondary",
			"eye": [
				0.00000000,
				0.20000000,
				0.40000001
			],
			"center": [
				0.00000000,
				0.00000000,
				0.00000000
			],
			"up": [
				0.00000000,
				1.00000000,
				0.00000000
			],
			"distance": 0.44721401,
			"fov": 45.00000000,
			"mode": 0
		}
	],
	"lights": [
		{
			"name": "Yellow",
			"position": [
				0.00000000,
				0.20000000,
				-0.30000001
			],
			"colourIntensity": [
				0.05000000,
				0.05000000,
				0.00000000
			],
			"fov": 0.00000000,
			"rotationAngle": 0.00000000,
			"rotationAxis": [
				0.00000000,
				0.00000000,
				0.00000000
			]
		},
		{
			"name": "Magenta",
			"position": [
				0.17320508,
				-0.10000000,
				-0.30000001
			],
			"colourIntensity": [
				0.05000000,
				0.00000000,
				0.05000000
			],
			"fov": 0.00000000,
			"rotationAngle": 0.00000000,
			"rotationAxis": [
				0.00000000,
				0.00000000,
				0.00000000
			]
		},
		{
			"name": "Cyan",
			"position": [
				-0.17320508,
				-0.10000000,
				-0.30000001
			],
			"colourIntensity": [
				0.00000000,
				0.05000000,
				0.05000000
			],
			"fov": 0.00000000,
			"rotationAngle": 0.00000000,
			"rotationAxis": [
				0.00000000,
				0.00000000,
				0.00000000
			]
		}
	],
	"models": [
		"./assets/models/bunny/bunny.fbx"
	],
	"textures": [
		"./assets/textures/white.jpg"
	],
	"normals": [
		"./assets/textures/normal.jpg"
	],
	"instances": [
		{
			"name": "Bunny",
			"model": 0,
			"texture": 0,
			"normal": 0,
			"position": [
				-0.02000000,
				-0.10000000,
				0.00000000
			],
			"rotation": [
				0.00000000,
				180.00000000,
				0.00000000
			],
			"scale": [
				1.00000000,
				1.00000000,
				1.00000000
			]
		}
	]
}