{
	"name": "Bunny Box",
	"clear_colour": [
		150,
		150,
		150,
		255
	],
	"ambient_light": 0.00000000,
	"cameras": [
		{
			"name": "Main",
			"eye": [
				0.78489518,
				0.50233322,
				3.32056880
			],
			"center": [
				0.00000000,
				0.00000000,
				0.00000000
			],
			"up": [
				-0.28910145,
				0.85862917,
				-0.42359132
			],
			"distance": 198.69564819,
			"fov": 45.00000000,
			"mode": 0
		}
	],
	"lights": [
		{
			"name": "Blue",
			"position": [
				0.00000000,
				0.00000000,
				0.00000000
			],
			"colourIntensity": [
				0.01000000,
				0.01000000,
				0.01000000
			],
			"rotationAngle": 0.00000000,
			"rotationAxis": [
				0.00000000,
				0.00000000,
				0.00000000
			]
		}
	],
	"models": [
		"./assets/models/bunny/bunny.fbx",
		"./assets/models/cube/cube_inverted.fbx"
	],
	"textures": [
		"./assets/textures/white.jpg",
		"./assets/models/cube/texture.jpg"
	],
	"normals": [
		"./assets/textures/normal.jpg"
	],
	"instances": [
		{
			"name": "Box",
			"model": 1,
			"texture": 0,
			"normal": 0,
			"position": [
				0.00000000,
				0.00000000,
				0.00000000
			],
			"rotation": [
				0.00000000,
				0.00000000,
				0.00000000
			],
			"scale": [
				1.00000000,
				1.00000000,
				1.00000000
			]
		},
		{
			"name": "Object000",
			"model": 0,
			"texture": 0,
			"normal": -1,
			"position": [
				0.00000000,
				-0.11900000,
				-0.11100000
			],
			"rotation": [
				0.00000000,
				0.00000000,
				0.00000000
			],
			"scale": [
				1.00000000,
				1.00000000,
				1.00000000
			]
		}
	]
}