{
	"name": "Shambler",
	"clear_colour": [
		150,
		150,
		150,
		255
	],
	"ambient_light": 0.01000000,
	"cameras": [
		{
			"name": "Main",
			"eye": [
				0.00000000,
				0.20000000,
				-0.50000000
			],
			"center": [
				0.00000000,
				0.00000000,
				0.00000000
			],
			"up": [
				0.00000000,
				1.00000000,
				0.00000000
			],
			"distance": 0.44721401,
			"fov": 45.00000000,
			"mode": 0
		}
	],
	"lights": [
		{
			"name": "White",
			"position": [
				0.00000000,
				0.30000001,
				-0.30000001
			],
			"direction": [
				0.00000000,
				-0.30000001,
				-0.20000000
			],
			"colourIntensity": [
				0.04000000,
				0.04000000,
				0.04000000
			],
			"fov": 120.00000000,
			"rotationAngle": 0.00000000,
			"rotationAxis": [
				0.00000000,
				1.00000000,
				0.00000000
			]
		}
	],
	"models": [
		"./assets/models/zombie/model.fbx"
	],
	"textures": [
		"./assets/models/zombie/albedo.png",
		"./assets/textures/white.jpg"
	],
	"normals": [
		"./assets/models/zombie/normal.png"
	],
	"instances": [
		{
			"name": "Zombie",
			"model": 0,
			"texture": 0,
			"normal": 0,
			"position": [
				0.00000000,
				0.00000000,
				0.00000000
			],
			"rotation": [
				0.00000000,
				180.00000000,
				0.00000000
			],
			"scale": [
				0.00100000,
				0.00100000,
				0.00100000
			]
		},
		{
			"name": "Floor",
			"model": -1,
			"texture": 1,
			"normal": -1,
			"position": [
				0.00000000,
				-0.10000000,
				0.00000000
			],
			"rotation": [
				0.00000000,
				0.00000000,
				0.00000000
			],
			"scale": [
				10.00000000,
				0.10000000,
				10.00000000
			]
		}
	]
}